Designator,Pad Number,Pin Length,Propagation Delay
"U1","AC14","0","0"
"U1","AF25","5.269544","0"
"U1","AG26","6.286489","0"
"U1","AG25","5.93059","0"
"U1","AG28","6.105263","0"
"U1","AG29","0","0"
"U1","AH29","0","0"
"U1","AH27","6.401595","0"
"U1","AH26","5.98497","0"
"U1","AJ26","0","0"
"U1","AJ28","0","0"
"U1","AJ27","0","0"
"U1","AJ29","0","0"
"U1","G26","3.758186","0.0228"
"U1","G27","0","0"
"U1","F25","4.021794","0.0244"
"U1","E25","4.470791","0.0271"
"U1","F28","5.024463","0"
"U1","F27","4.645182","0.0282"
"U1","F29","5.474496","0"
"U1","E26","4.972837","0.0301"
"U1","E28","5.17821","0.0314"
"U1","E29","6.025631","0.0365"
"U1","D26","5.35426","0.0325"
"U1","D27","6.135013","0.0372"
"U1","D29","0","0"
"U1","C26","0","0"
"U1","C28","0","0"
"U1","C27","6.7385","0.0408"
"U1","C29","0","0"
"U1","F7","2.793923","0"
"U1","E7","0","0"
"U1","G6","3.400848","0.0206"
"U1","G5","0","0"
"U1","F5","7.166195","0.0434"
"U1","F3","6.79971","0.0412"
"U1","F4","7.141043","0.0433"
"U1","E6","6.673753","0.0404"
"U1","E4","0","0"
"U1","E3","5.279305","0.0320"
"U1","D6","6.097101","0.0370"
"U1","D5","0","0"
"U1","D3","5.847313","0.0354"
"U1","C6","7.374695","0"
"U1","C5","5.56678","0.0337"
"U1","C4","5.851164","0.0355"
"U1","C3","6.194545","0.0375"
"U1","AE5","4.749199","0"
"U1","AF4","5.862649","0"
"U1","AF3","6.844633","0"
"U1","AE6","4.17109","0"
"U1","AF5","5.265449","0"
"U1","AF7","5.232168","0.0317"
"U1","AG7","5.232718","0.0317"
"U1","AG6","5.685722","0"
"U1","AG4","6.196549","0"
"U1","AG3","6.98159","0"
"U1","AH6","6.530517","0.0396"
"U1","AH5","6.538414","0"
"U1","AH3","7.326458","0"
"U1","AJ6","0","0"
"U1","AJ5","0","0"
"U1","AJ4","7.131646","0"
"U1","AJ3","7.882967","0"
"U1","AE24","4.372546","0"
"U1","AE23","0","0"
"U1","AH24","9.852027","0.0597"
"U1","AH23","9.167442","0.0556"
"U1","AF23","0","0"
"U1","AF24","0","0"
"U1","AG24","8.994187","0.0545"
"U1","AG23","8.316082","0.0504"
"U1","AJ24","0","0"
"U1","AJ23","0","0"
"U1","AE21","5.719633","0"
"U1","AE20","4.576853","0"
"U1","AH21","5.859821","0"
"U1","AH20","5.722028","0"
"U1","AF20","0","0"
"U1","AF21","4.409617","0"
"U1","AG21","5.923725","0"
"U1","AG20","5.805871","0"
"U1","AJ21","0","0"
"U1","AJ20","0","0"
"U1","AE18","4.083754","0"
"U1","AE17","0","0"
"U1","AH18","6.851905","0"
"U1","AH17","6.576395","0"
"U1","AF17","0","0"
"U1","AF18","0","0"
"U1","AG18","5.106986","0"
"U1","AG17","6.393482","0"
"U1","AJ18","0","0"
"U1","AJ17","0","0"
"U1","AE15","2.980382","0"
"U1","AE14","0","0"
"U1","AH15","7.314082","0.0443"
"U1","AH14","5.884483","0.0357"
"U1","AF14","4.188493","0"
"U1","AF15","3.6325","0"
"U1","AG15","7.212816","0.0437"
"U1","AG14","5.514108","0.0334"
"U1","AJ15","0","0"
"U1","AJ14","0","0"
"U1","AE12","0","0"
"U1","AE11","0","0"
"U1","AH12","5.3508","0.0324"
"U1","AH11","5.534446","0.0335"
"U1","AF11","4.404324","0"
"U1","AF12","4.342016","0"
"U1","AG12","5.43586","0.0329"
"U1","AG11","5.255978","0.0319"
"U1","AJ12","0","0"
"U1","AJ11","0","0"
"U1","AE9","3.40405","0"
"U1","AE8","3.130229","0.0190"
"U1","AH9","6.58297","0.0399"
"U1","AH8","5.604485","0"
"U1","AF8","4.61752","0"
"U1","AF9","0","0"
"U1","AG9","6.588048","0.0399"
"U1","AG8","5.11896","0"
"U1","AJ9","0","0"
"U1","AJ8","0","0"
"U1","C24","0","0"
"U1","C23","0","0"
"U1","F24","3.427888","0.0208"
"U1","F23","3.122748","0.0189"
"U1","D23","6.786558","0.0411"
"U1","D24","6.844895","0.0415"
"U1","E24","0","0"
"U1","E23","5.749666","0.0348"
"U1","G24","2.958597","0.0179"
"U1","G23","2.735736","0.0166"
"U1","C21","0","0"
"U1","C20","0","0"
"U1","F21","0","0"
"U1","F20","0","0"
"U1","D20","5.90855","0.0358"
"U1","D21","5.916406","0.0359"
"U1","E21","0","0"
"U1","E20","4.771097","0.0289"
"U1","G21","3.313042","0"
"U1","G20","1.961093","0"
"U1","C18","0","0"
"U1","C17","0","0"
"U1","F18","0","0"
"U1","F17","2.963953","0.0180"
"U1","D17","4.170672","0.0253"
"U1","D18","4.635308","0.0281"
"U1","E18","0","0"
"U1","E17","4.122436","0.0250"
"U1","G18","0","0"
"U1","G17","4.349472","0.0264"
"U1","C9","0","0"
"U1","C8","0","0"
"U1","F9","3.140036","0.0190"
"U1","F8","0","0"
"U1","D8","5.205326","0.0315"
"U1","D9","4.928749","0.0299"
"U1","E9","4.605549","0.0279"
"U1","E8","4.885661","0.0296"
"U1","G9","0","0"
"U1","G8","1.825514","0.0111"
"U1","C12","0","0"
"U1","C11","0","0"
"U1","F12","2.607529","0.0158"
"U1","F11","2.407225","0.0146"
"U1","D11","5.156159","0.0312"
"U1","D12","3.901445","0.0236"
"U1","E12","0","0"
"U1","E11","4.8256","0.0292"
"U1","G12","0","0"
"U1","G11","2.922969","0"
"U1","C15","0","0"
"U1","C14","0","0"
"U1","F15","0","0"
"U1","F14","3.224448","0.0195"
"U1","D14","3.903633","0.0237"
"U1","D15","4.139393","0.0251"
"U1","E15","0","0"
"U1","E14","3.368404","0.0204"
"U1","G15","2.902635","0"
"U1","G14","3.169595","0.0192"
"U1","AL24","9.814654","0.0595"
"U1","AL23","9.432579","0.0572"
"U1","AL22","10.241966","0.0621"
"U1","AL20","9.180813","0.0556"
"U1","AL21","8.508699","0.0516"
"U1","AL18","7.966378","0.0483"
"U1","AL19","8.259621","0.0501"
"U1","AL17","7.935135","0.0481"
"U1","AL9","7.774624","0.0471"
"U1","AL8","7.809285","0.0473"
"U1","AL11","8.323406","0.0504"
"U1","AL10","7.534096","0.0457"
"U1","AL13","7.6015","0.0461"
"U1","AL12","8.190824","0.0496"
"U1","AL14","7.660275","0.0464"
"U1","AL15","7.238254","0.0439"
"U1","AL16","8.12824","0.0493"
"U1","AL7","7.929331","0.0481"
"U1","AL5","8.437123","0"
"U1","AL6","8.177513","0.0496"
"U1","AL3","8.579421","0"
"U1","AL4","8.586558","0"
"U1","AL29","12.220281","0.0741"
"U1","AL27","11.344701","0.0688"
"U1","AL28","12.794409","0.0775"
"U1","AL25","8.928191","0.0541"
"U1","AL26","8.494523","0.0515"
"U1","AK26","7.655349","0.0464"
"U1","AK25","7.835583","0.0475"
"U1","AK28","11.951646","0.0724"
"U1","AK27","10.505316","0.0637"
"U1","AK29","11.379969","0.0690"
"U1","AK4","7.884813","0"
"U1","AK3","7.87124","0"
"U1","AK6","8.241954","0.0500"
"U1","AK5","7.899467","0.0479"
"U1","AK7","7.733338","0.0469"
"U1","AK16","7.313753","0.0443"
"U1","AK15","7.421545","0.0450"
"U1","AK14","7.41142","0.0449"
"U1","AK12","8.000433","0.0485"
"U1","AK13","7.809942","0.0473"
"U1","AK10","7.570087","0.0459"
"U1","AK11","8.343914","0.0506"
"U1","AK8","7.876","0.0477"
"U1","AK9","7.527548","0.0456"
"U1","AK17","7.080041","0.0429"
"U1","AK19","7.415846","0.0449"
"U1","AK18","7.133282","0.0432"
"U1","AK21","7.674104","0.0465"
"U1","AK20","8.333438","0.0505"
"U1","AK22","9.403973","0.0570"
"U1","AK23","8.598292","0.0521"
"U1","AK24","8.973122","0.0544"
"U1","B24","7.311655","0.0443"
"U1","B23","6.724608","0.0408"
"U1","B22","6.717698","0.0407"
"U1","B20","6.317033","0.0383"
"U1","B21","6.640313","0.0402"
"U1","B18","5.991769","0.0363"
"U1","B19","6.087297","0.0369"
"U1","B17","5.652698","0.0343"
"U1","B9","5.869635","0.0356"
"U1","B8","5.782713","0.0350"
"U1","B11","5.677591","0.0344"
"U1","B10","6.08298","0.0369"
"U1","B13","5.179127","0.0314"
"U1","B12","5.368169","0.0325"
"U1","B14","5.417781","0.0328"
"U1","B15","5.410033","0.0328"
"U1","B16","5.831417","0.0353"
"U1","B7","5.882306","0.0357"
"U1","B5","0","0"
"U1","B6","5.956476","0.0361"
"U1","B3","6.778306","0.0411"
"U1","B4","6.570619","0.0398"
"U1","B29","9.6633","0.0586"
"U1","B27","7.145158","0.0433"
"U1","B28","9.228376","0.0559"
"U1","B25","8.46272","0.0513"
"U1","B26","7.68752","0.0466"
"U1","A26","8.718604","0.0528"
"U1","A25","8.142714","0.0493"
"U1","A28","10.070045","0.0610"
"U1","A27","0","0"
"U1","A29","10.50319","0.0637"
"U1","A4","7.725956","0.0468"
"U1","A3","7.814248","0.0474"
"U1","A6","6.671944","0.0404"
"U1","A5","9.168813","0.0556"
"U1","A7","6.468464","0.0392"
"U1","A16","6.363436","0.0386"
"U1","A15","6.074784","0.0368"
"U1","A14","6.136441","0.0372"
"U1","A12","6.422982","0.0389"
"U1","A13","6.238333","0.0378"
"U1","A10","6.49839","0.0394"
"U1","A11","6.314411","0.0383"
"U1","A8","6.286818","0.0381"
"U1","A9","6.308605","0.0382"
"U1","A17","6.427425","0.0390"
"U1","A19","6.735928","0.0408"
"U1","A18","6.52778","0.0396"
"U1","A21","7.211276","0.0437"
"U1","A20","7.001664","0.0424"
"U1","A22","7.237613","0.0439"
"U1","A23","7.747234","0.0470"
"U1","A24","7.929964","0.0481"
"U1","AL2","9.011702","0"
"U1","AL1","0","0"
"U1","AF2","7.790135","0.0472"
"U1","AF1","8.584559","0.0520"
"U1","AE2","7.323736","0.0444"
"U1","AE1","7.909349","0.0479"
"U1","AJ2","8.72359","0"
"U1","AJ1","8.956991","0"
"U1","AG1","8.389965","0"
"U1","AG2","0","0"
"U1","AH2","8.074983","0"
"U1","AH1","8.475158","0"
"U1","AK2","8.638025","0"
"U1","AK1","9.354033","0"
"U1","AL31","0","0"
"U1","AL30","12.718718","0"
"U1","AF31","9.023201","0.0547"
"U1","AF30","8.193919","0.0497"
"U1","AE31","8.294555","0.0503"
"U1","AE30","7.450864","0.0452"
"U1","AJ31","9.320648","0.0565"
"U1","AJ30","8.827931","0.0535"
"U1","AG30","8.274959","0.0502"
"U1","AG31","9.121668","0.0553"
"U1","AH31","9.5669","0.0580"
"U1","AH30","8.724496","0.0529"
"U1","AK31","12.633063","0"
"U1","AK30","12.593366","0"
"U1","G30","5.74439","0"
"U1","G31","6.761384","0"
"U1","E30","6.863675","0.0416"
"U1","E31","0","0"
"U1","D31","10.050052","0.0609"
"U1","D30","9.210687","0.0558"
"U1","F30","6.457876","0"
"U1","F31","6.934864","0"
"U1","B30","10.093215","0.0612"
"U1","B31","0","0"
"U1","A31","0","0"
"U1","A30","10.932171","0.0663"
"U1","C30","9.278035","0.0562"
"U1","C31","10.117995","0.0613"
"U1","G1","6.224965","0.0377"
"U1","G2","5.830173","0.0353"
"U1","E1","7.71112","0.0467"
"U1","E2","0","0"
"U1","D2","6.03924","0.0366"
"U1","D1","6.922544","0.0420"
"U1","F1","6.418181","0.0389"
"U1","F2","5.603861","0.0340"
"U1","B1","7.834573","0.0475"
"U1","B2","7.28656","0.0442"
"U1","A2","7.524832","0.0456"
"U1","A1","0","0"
"U1","C1","7.286472","0.0442"
"U1","C2","7.022104","0.0426"
"U1","AB16","0","0"
"U1","AB15","0","0"
"U1","AB14","0","0"
"U1","AB12","0","0"
"U1","AB13","0","0"
"U1","AB10","0","0"
"U1","AB11","0","0"
"U1","AB8","0","0"
"U1","AB9","0","0"
"U1","AB17","0","0"
"U1","AB19","0","0"
"U1","AB18","0","0"
"U1","AB21","0","0"
"U1","AB20","0","0"
"U1","AB22","0","0"
"U1","AB23","0","0"
"U1","AB24","9.927152","0"
"U1","AB2","6.290596","0.0381"
"U1","AB1","7.038854","0.0427"
"U1","AB31","6.274455","0.0380"
"U1","AB30","6.270607","0.0380"
"U1","AD30","6.971158","0"
"U1","AD31","7.851726","0"
"U1","AD1","7.718535","0.0468"
"U1","AD2","7.00336","0.0424"
"U1","AD24","0","0"
"U1","AD23","0","0"
"U1","AD22","0","0"
"U1","AD20","3.743494","0"
"U1","AD21","0","0"
"U1","AD18","3.284181","0"
"U1","AD19","3.343028","0"
"U1","AD17","0","0"
"U1","AD9","3.058911","0"
"U1","AD8","2.81661","0.0171"
"U1","AD11","0","0"
"U1","AD10","0","0"
"U1","AD13","0","0"
"U1","AD12","0","0"
"U1","AD14","0","0"
"U1","AD15","0","0"
"U1","AD16","0","0"
"U1","AD7","3.083334","0"
"U1","AD5","0","0"
"U1","AD6","3.945598","0"
"U1","AD3","0","0"
"U1","AD4","7.09753","0.0430"
"U1","AD29","0","0"
"U1","AD27","4.449601","0.0270"
"U1","AD28","5.284378","0.0320"
"U1","AD25","0","0"
"U1","AD26","0","0"
"U1","AC26","0","0"
"U1","AC25","0","0"
"U1","AC28","5.053416","0.0306"
"U1","AC27","4.20583","0.0255"
"U1","AC29","0","0"
"U1","AC4","6.696368","0.0406"
"U1","AC3","0","0"
"U1","AC6","4.244174","0"
"U1","AC5","5.909473","0.0358"
"U1","AC7","3.075038","0"
"U1","AC16","0","0"
"U1","AC15","0","0"
"U1","AE26","12.862306","0"
"U1","AC12","0","0"
"U1","AC13","0","0"
"U1","AC10","0","0"
"U1","AC11","0","0"
"U1","AC8","0","0"
"U1","AC9","0","0"
"U1","AC17","0","0"
"U1","AC19","3.687544","0"
"U1","AC18","0","0"
"U1","AC21","0","0"
"U1","AC20","0","0"
"U1","AC22","0","0"
"U1","AC23","0","0"
"U1","AC24","0","0"
"U1","AC2","6.663953","0.0404"
"U1","AC1","7.339281","0.0445"
"U1","AC31","7.611614","0"
"U1","AC30","8.371434","0"
"U1","Y30","9.428155","0"
"U1","Y31","7.066605","0"
"U1","Y1","6.337239","0.0384"
"U1","Y2","5.729445","0.0347"
"U1","Y24","0","0"
"U1","Y23","0","0"
"U1","Y22","0","0"
"U1","Y20","0","0"
"U1","Y21","0","0"
"U1","Y18","0","0"
"U1","Y19","0","0"
"U1","Y17","0","0"
"U1","Y9","0","0"
"U1","Y8","0","0"
"U1","Y11","0","0"
"U1","Y10","0","0"
"U1","Y13","0","0"
"U1","Y12","0","0"
"U1","Y14","0","0"
"U1","Y15","0","0"
"U1","Y16","0","0"
"U1","Y7","1.734044","0"
"U1","Y5","4.297448","0.0260"
"U1","Y6","2.332654","0"
"U1","Y3","0","0"
"U1","Y4","5.354348","0.0325"
"U1","Y29","0","0"
"U1","Y27","4.892799","0.0297"
"U1","Y28","5.200485","0.0315"
"U1","Y25","0","0"
"U1","Y26","5.065267","0.0307"
"U1","AA26","0","0"
"U1","AA25","8.947538","0"
"U1","AA28","4.316308","0.0262"
"U1","AA27","3.493025","0.0212"
"U1","AA29","0","0"
"U1","AA4","5.440568","0.0330"
"U1","AA3","0","0"
"U1","AA6","2.715118","0"
"U1","AA5","0","0"
"U1","AA7","2.990892","0"
"U1","AA16","0","0"
"U1","AA15","0","0"
"U1","AA14","0","0"
"U1","AA12","0","0"
"U1","AA13","0","0"
"U1","AA10","0","0"
"U1","AA11","0","0"
"U1","AA8","0","0"
"U1","AA9","0","0"
"U1","AA17","0","0"
"U1","AA19","0","0"
"U1","AA18","0","0"
"U1","AA21","0","0"
"U1","AA20","0","0"
"U1","AA22","0","0"
"U1","AA23","0","0"
"U1","AA24","9.239154","0"
"U1","AA2","5.90237","0.0358"
"U1","AA1","6.592393","0.0400"
"U1","AA31","6.267119","0.0380"
"U1","AA30","6.367651","0.0386"
"U1","V30","5.975527","0"
"U1","V31","6.453296","0"
"U1","V1","5.983211","0.0363"
"U1","V2","4.994047","0.0303"
"U1","V24","0","0"
"U1","V23","0","0"
"U1","V22","0","0"
"U1","V20","0","0"
"U1","V21","0","0"
"U1","V18","0","0"
"U1","V19","0","0"
"U1","V17","0","0"
"U1","V9","0","0"
"U1","V8","0","0"
"U1","V11","0","0"
"U1","V10","0","0"
"U1","V13","0","0"
"U1","V12","0","0"
"U1","V14","0","0"
"U1","V15","0","0"
"U1","V16","0","0"
"U1","V7","1.904039","0.0115"
"U1","V5","0","0"
"U1","V6","2.212882","0.0134"
"U1","V3","0","0"
"U1","V4","4.586453","0.0278"
"U1","V29","4.611095","0.0279"
"U1","V27","6.648187","0"
"U1","V28","6.304215","0"
"U1","V25","3.868165","0.0234"
"U1","V26","6.108336","0"
"U1","U26","0","0"
"U1","U25","0","0"
"U1","U28","5.021262","0"
"U1","U27","2.954276","0.0179"
"U1","U29","0","0"
"U1","U4","4.100151","0.0248"
"U1","U3","0","0"
"U1","U6","2.624064","0.0159"
"U1","U5","3.488449","0.0211"
"U1","U7","2.282518","0.0138"
"U1","U16","0","0"
"U1","U15","0","0"
"U1","U14","0","0"
"U1","U12","0","0"
"U1","U13","0","0"
"U1","U10","0","0"
"U1","U11","0","0"
"U1","U8","0","0"
"U1","U9","0","0"
"U1","U17","0","0"
"U1","U19","0","0"
"U1","U18","0","0"
"U1","U21","0","0"
"U1","U20","0","0"
"U1","U22","0","0"
"U1","U23","0","0"
"U1","U24","0","0"
"U1","U2","4.973976","0.0301"
"U1","U1","5.774923","0.0350"
"U1","U31","6.119776","0"
"U1","U30","5.36739","0"
"U1","W30","0","0"
"U1","W31","6.768668","0"
"U1","W1","6.171957","0.0374"
"U1","W2","5.367093","0.0325"
"U1","W24","0","0"
"U1","W23","0","0"
"U1","W22","0","0"
"U1","W20","0","0"
"U1","W21","0","0"
"U1","W18","0","0"
"U1","W19","0","0"
"U1","W17","0","0"
"U1","W9","0","0"
"U1","W8","0","0"
"U1","W11","0","0"
"U1","W10","0","0"
"U1","W13","0","0"
"U1","W12","0","0"
"U1","W14","0","0"
"U1","W15","0","0"
"U1","W16","0","0"
"U1","K16","0","0"
"U1","K15","0","0"
"U1","K14","0","0"
"U1","K12","0","0"
"U1","K13","0","0"
"U1","K10","0","0"
"U1","K11","0","0"
"U1","K8","0","0"
"U1","K9","0","0"
"U1","K17","0","0"
"U1","K19","0","0"
"U1","K18","0","0"
"U1","K21","0","0"
"U1","K20","0","0"
"U1","K22","0","0"
"U1","K23","0","0"
"U1","K24","0","0"
"U1","K2","6.295635","0.0382"
"U1","K1","6.874143","0.0417"
"U1","K31","5.628089","0.0341"
"U1","K30","4.753032","0.0288"
"U1","H30","5.569141","0"
"U1","H31","6.469365","0"
"U1","H1","6.424114","0.0389"
"U1","H2","5.519109","0.0334"
"U1","H24","1.377927","0"
"U1","H23","2.158583","0.0131"
"U1","H22","1.816673","0.0110"
"U1","H20","0","0"
"U1","H21","2.378545","0"
"U1","H18","0","0"
"U1","H19","0","0"
"U1","H17","0","0"
"U1","H9","0","0"
"U1","H11","0","0"
"U1","H10","0","0"
"U1","H13","0","0"
"U1","H12","0","0"
"U1","H14","0","0"
"U1","H15","0","0"
"U1","H16","0","0"
"U1","H7","1.957016","0.0119"
"U1","H5","4.152822","0.0252"
"U1","H6","4.32547","0.0262"
"U1","H3","0","0"
"U1","H4","4.739703","0.0287"
"U1","H29","4.937941","0"
"U1","H27","3.769606","0"
"U1","H28","4.034267","0"
"U1","H25","1.760709","0"
"U1","H26","0","0"
"U1","J26","2.262746","0.0137"
"U1","J25","1.7491","0.0106"
"U1","J28","3.681204","0.0223"
"U1","J27","2.761251","0.0167"
"U1","J29","4.265504","0.0259"
"U1","J4","5.087951","0.0308"
"U1","J3","0","0"
"U1","J6","0","0"
"U1","J5","4.403711","0.0267"
"U1","J7","0","0"
"U1","J16","0","0"
"U1","J15","0","0"
"U1","J14","0","0"
"U1","J12","0","0"
"U1","J13","0","0"
"U1","J10","0","0"
"U1","J11","0","0"
"U1","J8","0","0"
"U1","J9","0","0"
"U1","J17","0","0"
"U1","J19","0","0"
"U1","J18","0","0"
"U1","J21","0","0"
"U1","J20","0","0"
"U1","J22","0","0"
"U1","J23","0","0"
"U1","J24","0","0"
"U1","J2","6.007873","0.0364"
"U1","J1","6.495158","0.0394"
"U1","J31","5.795215","0.0351"
"U1","J30","4.678616","0.0284"
"U1","N16","0","0"
"U1","N15","0","0"
"U1","N14","0","0"
"U1","N12","0","0"
"U1","N13","0","0"
"U1","N10","0","0"
"U1","N11","0","0"
"U1","N8","0","0"
"U1","N9","0","0"
"U1","N17","0","0"
"U1","N19","0","0"
"U1","N18","0","0"
"U1","N21","0","0"
"U1","N20","0","0"
"U1","N22","0","0"
"U1","N23","0","0"
"U1","N24","2.410135","0"
"U1","N2","4.684257","0.0284"
"U1","N1","5.526232","0.0335"
"U1","N31","5.91254","0"
"U1","N30","5.387991","0"
"U1","L30","4.945312","0"
"U1","L31","5.979335","0.0362"
"U1","L1","5.848637","0.0354"
"U1","L2","5.247423","0.0318"
"U1","L24","0","0"
"U1","L23","0","0"
"U1","L22","0","0"
"U1","L20","0","0"
"U1","L21","0","0"
"U1","L18","0","0"
"U1","L19","0","0"
"U1","L17","0","0"
"U1","L9","0","0"
"U1","L8","0","0"
"U1","L11","0","0"
"U1","L10","0","0"
"U1","L13","0","0"
"U1","L12","0","0"
"U1","L14","0","0"
"U1","L15","0","0"
"U1","L16","0","0"
"U1","L7","1.790287","0.0109"
"U1","L5","3.423023","0.0207"
"U1","L6","0","0"
"U1","L3","0","0"
"U1","L4","5.058997","0.0307"
"U1","L29","4.253426","0"
"U1","L27","0","0"
"U1","L28","3.94554","0.0239"
"U1","L25","1.759233","0"
"U1","L26","2.170634","0"
"U1","M26","2.051537","0"
"U1","M25","1.884559","0"
"U1","M28","3.571973","0"
"U1","M27","2.882255","0"
"U1","M29","4.393631","0"
"U1","M4","3.730117","0.0226"
"U1","M3","0","0"
"U1","M6","2.067108","0.0125"
"U1","M5","2.828865","0.0171"
"U1","M7","0","0"
"U1","M16","0","0"
"U1","M15","0","0"
"U1","M14","0","0"
"U1","M12","0","0"
"U1","M13","0","0"
"U1","M10","0","0"
"U1","M11","0","0"
"U1","M8","0","0"
"U1","M9","0","0"
"U1","M17","0","0"
"U1","M19","0","0"
"U1","M18","0","0"
"U1","M21","0","0"
"U1","M20","0","0"
"U1","M22","0","0"
"U1","M23","0","0"
"U1","M24","1.842675","0"
"U1","M2","4.893179","0.0297"
"U1","M1","5.90957","0.0358"
"U1","M31","5.889574","0"
"U1","M30","5.232915","0"
"U1","R30","5.51352","0"
"U1","R31","5.912621","0"
"U1","R1","5.625233","0.0341"
"U1","R2","4.768461","0.0289"
"U1","R24","0","0"
"U1","R23","0","0"
"U1","R22","0","0"
"U1","R20","0","0"
"U1","R21","0","0"
"U1","R18","0","0"
"U1","R19","0","0"
"U1","R17","0","0"
"U1","R9","0","0"
"U1","R8","0","0"
"U1","R11","0","0"
"U1","R10","0","0"
"U1","R13","0","0"
"U1","R12","0","0"
"U1","R14","0","0"
"U1","R15","0","0"
"U1","R16","0","0"
"U1","R7","1.749495","0"
"U1","R5","0","0"
"U1","R6","0","0"
"U1","R3","0","0"
"U1","R4","4.22756","0.0256"
"U1","R29","4.869367","0"
"U1","R27","3.909247","0"
"U1","R28","3.883435","0"
"U1","R25","3.746983","0"
"U1","R26","3.820585","0"
"U1","P26","3.493854","0"
"U1","P25","1.875226","0"
"U1","P28","3.971598","0"
"U1","P27","3.507275","0"
"U1","P29","4.827559","0"
"U1","P4","4.248048","0.0257"
"U1","P3","0","0"
"U1","P6","0","0"
"U1","P5","2.493356","0.0151"
"U1","P7","0","0"
"U1","P16","0","0"
"U1","P15","0","0"
"U1","P14","0","0"
"U1","P12","0","0"
"U1","P13","0","0"
"U1","P10","0","0"
"U1","P11","0","0"
"U1","P8","0","0"
"U1","P9","0","0"
"U1","P17","0","0"
"U1","P19","0","0"
"U1","P18","0","0"
"U1","P21","0","0"
"U1","P20","0","0"
"U1","P22","0","0"
"U1","P23","0","0"
"U1","P24","1.886039","0"
"U1","P2","4.810454","0.0292"
"U1","P1","5.518522","0.0334"
"U1","P31","6.039981","0"
"U1","P30","5.513268","0"
"U1","T30","5.689145","0"
"U1","T31","6.18505","0"
"U1","T1","5.573496","0.0338"
"U1","T2","5.239898","0.0318"
"U1","T24","0","0"
"U1","T23","0","0"
"U1","T22","0","0"
"U1","T20","0","0"
"U1","T21","0","0"
"U1","T18","0","0"
"U1","T19","0","0"
"U1","T17","0","0"
"U1","T9","0","0"
"U1","T8","0","0"
"U1","T11","0","0"
"U1","T10","0","0"
"U1","T13","0","0"
"U1","T12","0","0"
"U1","T14","0","0"
"U1","T15","0","0"
"U1","T16","0","0"
"U1","AE27","0","0"
"U1","AF29","0","0"
"U1","AF27","5.56064","0.0337"
"U1","AF28","6.393474","0.0387"
"U10","A1","0","0"
"U10","A2","0","0"
"U10","A3","0","0"
"U10","A4","0","0"
"U10","A5","0","0"
"U10","A6","0","0"
"U10","A8","0","0"
"U10","A9","0","0"
"U10","A10","0","0"
"U10","A11","0","0"
"U10","A12","0","0"
"U10","A13","0","0"
"U10","B1","0","0"
"U10","B2","0","0"
"U10","B3","0","0"
"U10","B4","0","0"
"U10","B5","0","0"
"U10","B6","0","0"
"U10","B8","0","0"
"U10","B9","0","0"
"U10","B10","0","0"
"U10","B11","0","0"
"U10","B12","0","0"
"U10","B13","0","0"
"U10","C2","0","0"
"U10","C3","0","0"
"U10","C5","0","0"
"U10","C6","0","0"
"U10","C8","0","0"
"U10","C9","0","0"
"U10","C10","0","0"
"U10","C11","0","0"
"U10","C12","0","0"
"U10","D2","0","0"
"U10","D3","0","0"
"U10","D4","0","0"
"U10","D5","0","0"
"U10","D6","0","0"
"U10","D8","0","0"
"U10","D9","0","0"
"U10","D10","0","0"
"U10","D11","0","0"
"U10","D12","0","0"
"U10","E2","0","0"
"U10","E3","0","0"
"U10","E4","0","0"
"U10","E5","0","0"
"U10","E6","0","0"
"U10","E8","0","0"
"U10","E9","0","0"
"U10","E10","0","0"
"U10","E11","0","0"
"U10","E12","0","0"
"U10","F2","0","0"
"U10","F3","0","0"
"U10","F4","0","0"
"U10","F5","0","0"
"U10","F6","0","0"
"U10","F8","0","0"
"U10","F9","0","0"
"U10","F10","0","0"
"U10","F11","0","0"
"U10","F12","0","0"
"U10","G2","0","0"
"U10","G3","0","0"
"U10","G4","0","0"
"U10","G5","0","0"
"U10","G6","0","0"
"U10","G8","0","0"
"U10","G9","0","0"
"U10","G10","0","0"
"U10","G11","0","0"
"U10","G12","0","0"
"U10","H2","0","0"
"U10","H3","0","0"
"U10","H4","0","0"
"U10","H5","0","0"
"U10","H6","0","0"
"U10","H8","0","0"
"U10","H9","0","0"
"U10","H10","0","0"
"U10","H11","0","0"
"U10","H12","0","0"
"U10","J2","0","0"
"U10","J3","0","0"
"U10","J4","0","0"
"U10","J5","0","0"
"U10","J6","0","0"
"U10","J8","0","0"
"U10","J9","0","0"
"U10","J10","0","0"
"U10","J11","0","0"
"U10","J12","0","0"
"U10","K2","0","0"
"U10","K3","0","0"
"U10","K4","0","0"
"U10","K5","0","0"
"U10","K6","0","0"
"U10","K8","0","0"
"U10","K9","0","0"
"U10","K10","0","0"
"U10","K11","0","0"
"U10","K12","0","0"
"U10","L2","0","0"
"U10","L3","0","0"
"U10","L4","0","0"
"U10","L5","0","0"
"U10","L6","0","0"
"U10","L8","0","0"
"U10","L9","0","0"
"U10","L10","0","0"
"U10","L11","0","0"
"U10","L12","0","0"
"U10","M2","0","0"
"U10","M3","0","0"
"U10","M4","0","0"
"U10","M5","0","0"
"U10","M6","0","0"
"U10","M8","0","0"
"U10","M9","0","0"
"U10","M10","0","0"
"U10","M11","0","0"
"U10","M12","0","0"
"U10","N2","0","0"
"U10","N3","0","0"
"U10","N4","0","0"
"U10","N5","0","0"
"U10","N6","0","0"
"U10","N8","0","0"
"U10","N9","0","0"
"U10","N10","0","0"
"U10","N11","0","0"
"U10","N12","0","0"
"U10","P2","0","0"
"U10","P3","0","0"
"U10","P4","0","0"
"U10","P5","0","0"
"U10","P6","0","0"
"U10","P8","0","0"
"U10","P9","0","0"
"U10","P10","0","0"
"U10","P11","0","0"
"U10","P12","0","0"
"U10","R2","0","0"
"U10","R3","0","0"
"U10","R4","0","0"
"U10","R5","0","0"
"U10","R6","0","0"
"U10","R8","0","0"
"U10","R9","0","0"
"U10","R10","0","0"
"U10","R11","0","0"
"U10","R12","0","0"
"U10","T1","0","0"
"U10","T2","0","0"
"U10","T3","0","0"
"U10","T4","0","0"
"U10","T5","0","0"
"U10","T6","0","0"
"U10","T8","0","0"
"U10","T9","0","0"
"U10","T10","0","0"
"U10","T11","0","0"
"U10","T12","0","0"
"U10","T13","0","0"
"U10","U1","0","0"
"U10","U2","0","0"
"U10","U3","0","0"
"U10","U4","0","0"
"U10","U5","0","0"
"U10","U6","0","0"
"U10","U8","0","0"
"U10","U9","0","0"
"U10","U10","0","0"
"U10","U11","0","0"
"U10","U12","0","0"
"U10","U13","0","0"
"R1","2","0","0"
"R1","1","0","0"
"R2","2","0","0"
"R2","1","0","0"
"U5","A2","0","0"
"U5","A3","0","0"
"U5","A4","0","0"
"U5","A5","0","0"
"U5","A6","0","0"
"U5","A7","0","0"
"U5","A8","0","0"
"U5","A9","0","0"
"U5","A10","0","0"
"U5","A11","0","0"
"U5","A12","0","0"
"U5","A13","0","0"
"U5","A14","0","0"
"U5","B1","0","0"
"U5","B2","0","0"
"U5","B3","0","0"
"U5","B4","0","0"
"U5","B5","0","0"
"U5","B6","0","0"
"U5","B7","0","0"
"U5","B8","0","0"
"U5","B9","0","0"
"U5","B10","0","0"
"U5","B11","0","0"
"U5","B12","0","0"
"U5","B13","0","0"
"U5","B14","0","0"
"U5","C1","0","0"
"U5","C6","0","0"
"U5","C8","0","0"
"U5","C9","0","0"
"U5","C10","0","0"
"U5","C11","0","0"
"U5","C12","0","0"
"U5","C13","0","0"
"U5","C14","0","0"
"U5","D1","0","0"
"U5","D3","0","0"
"U5","D4","0","0"
"U5","D12","0","0"
"U5","D13","0","0"
"U5","D14","0","0"
"U5","E1","0","0"
"U5","E2","0","0"
"U5","E3","0","0"
"U5","E5","0","0"
"U5","E6","0","0"
"U5","E7","0","0"
"U5","E8","0","0"
"U5","E9","0","0"
"U5","E10","0","0"
"U5","E12","0","0"
"U5","E13","0","0"
"U5","E14","0","0"
"U5","F1","0","0"
"U5","F2","0","0"
"U5","F3","0","0"
"U5","F5","0","0"
"U5","F10","0","0"
"U5","F12","0","0"
"U5","F13","0","0"
"U5","F14","0","0"
"U5","G1","0","0"
"U5","G2","0","0"
"U5","G3","0","0"
"U5","G5","0","0"
"U5","G10","0","0"
"U5","G12","0","0"
"U5","G13","0","0"
"U5","G14","0","0"
"U5","H1","0","0"
"U5","H2","0","0"
"U5","H3","0","0"
"U5","H5","0","0"
"U5","H10","0","0"
"U5","H12","0","0"
"U5","H13","0","0"
"U5","H14","0","0"
"U5","J1","0","0"
"U5","J2","0","0"
"U5","J3","0","0"
"U5","J5","0","0"
"U5","J10","0","0"
"U5","J12","0","0"
"U5","J13","0","0"
"U5","J14","0","0"
"U5","K1","0","0"
"U5","K2","0","0"
"U5","K3","0","0"
"U5","K5","0","0"
"U5","K6","0","0"
"U5","K7","0","0"
"U5","K8","0","0"
"U5","K9","0","0"
"U5","K10","0","0"
"U5","K12","0","0"
"U5","K13","0","0"
"U5","K14","0","0"
"U5","L1","0","0"
"U5","L2","0","0"
"U5","L3","0","0"
"U5","L12","0","0"
"U5","L13","0","0"
"U5","L14","0","0"
"U5","M1","0","0"
"U5","M2","0","0"
"U5","M3","0","0"
"U5","M4","0","0"
"U5","M5","0","0"
"U5","M6","0","0"
"U5","M7","0","0"
"U5","M8","0","0"
"U5","M9","0","0"
"U5","M10","0","0"
"U5","M11","0","0"
"U5","M12","0","0"
"U5","M13","0","0"
"U5","M14","0","0"
"U5","N1","0","0"
"U5","N2","0","0"
"U5","N3","0","0"
"U5","N4","0","0"
"U5","N5","0","0"
"U5","N6","0","0"
"U5","N7","0","0"
"U5","N8","0","0"
"U5","N9","0","0"
"U5","N10","0","0"
"U5","N11","0","0"
"U5","N12","0","0"
"U5","N13","0","0"
"U5","N14","0","0"
"U5","P1","0","0"
"U5","P3","0","0"
"U5","P4","0","0"
"U5","P5","0","0"
"U5","P6","0","0"
"U5","P7","0","0"
"U5","P8","0","0"
"U5","P9","0","0"
"U5","P10","0","0"
"U5","P11","0","0"
"U5","P12","0","0"
"U5","P13","0","0"
"U5","P14","0","0"
"U5","C2","0","0"
"R3","2","0","0"
"R3","1","0","0"
"R4","2","0","0"
"R4","1","0","0"
"U6","2","0","0"
"U6","3","0","0"
"U6","6","0","0"
"U6","7","0","0"
"U6","10","0","0"
"U6","11","0","0"
"U6","14","0","0"
"U6","15","0","0"
"U6","13","0","0"
"U6","16","0","0"
"U6","1","0","0"
"U6","4","0","0"
"U6","8","0","0"
"U6","5","0","0"
"U6","12","0","0"
"U6","9","0","0"
"U6","17","0","0"
"CARD1","8","0","0"
"CARD1","7","0","0"
"CARD1","6","0","0"
"CARD1","5","0","0"
"CARD1","4","0","0"
"CARD1","3","0","0"
"CARD1","2","0","0"
"CARD1","1","0","0"
"CARD1","CD","0","0"
"CARD1","10","0","0"
"CARD1","11","0","0"
"CARD1","12","0","0"
"CARD1","13","0","0"
"D1","1","0","0"
"D1","2","0","0"
"D1","3","0","0"
"D1","4","0","0"
"D1","5","0","0"
"D1","6","0","0"
"D1","7","0","0"
"D1","8","0","0"
"D1","9","0","0"
"D1","10","0","0"
"D2","1","0","0"
"D2","2","0","0"
"D2","3","0","0"
"D2","4","0","0"
"D2","5","0","0"
"D2","6","0","0"
"D2","7","0","0"
"D2","8","0","0"
"D2","9","0","0"
"D2","10","0","0"
"R5","2","0","0"
"R5","1","0","0"
"R6","2","0","0"
"R6","1","0","0"
"R7","2","0","0"
"R7","1","0","0"
"R8","2","0","0"
"R8","1","0","0"
"R9","2","0","0"
"R9","1","0","0"
"C1","2","0","0"
"C1","1","0","0"
"C2","2","0","0"
"C2","1","0","0"
"R10","2","0","0"
"R10","1","0","0"
"R11","2","0","0"
"R11","1","0","0"
"X1","1","0","0"
"X1","2","0","0"
"X1","3","0","0"
"X1","4","0","0"
"D3","1","0","0"
"D3","2","0","0"
"D3","3","0","0"
"D3","4","0","0"
"D3","5","0","0"
"D3","6","0","0"
"D3","7","0","0"
"D3","8","0","0"
"D3","9","0","0"
"D3","10","0","0"
"D4","1","0","0"
"D4","2","0","0"
"D4","3","0","0"
"D4","4","0","0"
"D4","5","0","0"
"D4","6","0","0"
"D4","7","0","0"
"D4","8","0","0"
"D4","9","0","0"
"D4","10","0","0"
"HDMI1","20","0","0"
"HDMI1","20","0","0"
"HDMI1","20","0","0"
"HDMI1","20","0","0"
"HDMI1","19","0","0"
"HDMI1","18","0","0"
"HDMI1","17","0","0"
"HDMI1","16","0","0"
"HDMI1","15","0","0"
"HDMI1","14","0","0"
"HDMI1","13","0","0"
"HDMI1","12","0","0"
"HDMI1","11","0","0"
"HDMI1","10","0","0"
"HDMI1","9","0","0"
"HDMI1","8","0","0"
"HDMI1","7","0","0"
"HDMI1","6","0","0"
"HDMI1","5","0","0"
"HDMI1","4","0","0"
"HDMI1","3","0","0"
"HDMI1","2","0","0"
"HDMI1","1","0","0"
"C3","2","0","0"
"C3","1","0","0"
"C4","2","0","0"
"C4","1","0","0"
"C5","2","0","0"
"C5","1","0","0"
"C6","2","0","0"
"C6","1","0","0"
"C7","2","0","0"
"C7","1","0","0"
"C8","2","0","0"
"C8","1","0","0"
"C9","2","0","0"
"C9","1","0","0"
"C10","2","0","0"
"C10","1","0","0"
"DC1","1","0","0"
"DC1","2","0","0"
"DC1","3","0","0"
"C11","1","0","0"
"C11","2","0","0"
"U7","1","0","0"
"U7","2","0","0"
"C12","2","0","0"
"C12","1","0","0"
"C13","2","0","0"
"C13","1","0","0"
"C14","2","0","0"
"C14","1","0","0"
"C15","2","0","0"
"C15","1","0","0"
"C16","2","0","0"
"C16","1","0","0"
"C17","2","0","0"
"C17","1","0","0"
"R12","2","0","0"
"R12","1","0","0"
"C18","2","0","0"
"C18","1","0","0"
"C19","2","0","0"
"C19","1","0","0"
"C20","2","0","0"
"C20","1","0","0"
"C21","2","0","0"
"C21","1","0","0"
"U8","1","0","0"
"U8","2","0","0"
"U8","3","0","0"
"U8","4","0","0"
"U8","5","0","0"
"U8","6","0","0"
"U8","7","0","0"
"U8","8","0","0"
"U8","9","0","0"
"U8","10","0","0"
"U8","11","0","0"
"U8","12","0","0"
"U8","13","0","0"
"U8","14","0","0"
"U8","15","0","0"
"U8","16","0","0"
"U8","17","0","0"
"U8","18","0","0"
"U8","19","0","0"
"U8","20","0","0"
"U8","21","0","0"
"U8","22","0","0"
"U8","23","0","0"
"U8","24","0","0"
"U8","25","0","0"
"U8","26","0","0"
"U8","27","0","0"
"U8","28","0","0"
"U8","29","0","0"
"U8","30","0","0"
"U8","31","0","0"
"U8","32","0","0"
"U8","33","0","0"
"U8","34","0","0"
"U8","35","0","0"
"U8","36","0","0"
"U8","37","0","0"
"U8","38","0","0"
"U8","39","0","0"
"U8","40","0","0"
"U8","41","0","0"
"U8","42","0","0"
"U8","43","0","0"
"U8","44","0","0"
"U8","45","0","0"
"U8","46","0","0"
"U8","47","0","0"
"C22","2","0","0"
"C22","1","0","0"
"C23","2","0","0"
"C23","1","0","0"
"R13","2","0","0"
"R13","1","0","0"
"R14","2","0","0"
"R14","1","0","0"
"RF1","4","0","0"
"RF1","3","0","0"
"RF1","2","0","0"
"RF1","1","0","0"
"R15","2","0","0"
"R15","1","0","0"
"RF2","2","0","0"
"RF2","1","0","0"
"C24","2","0","0"
"C24","1","0","0"
"C25","2","0","0"
"C25","1","0","0"
"C26","2","0","0"
"C26","1","0","0"
"R16","2","0","0"
"R16","1","0","0"
"C27","2","0","0"
"C27","1","0","0"
"C28","2","0","0"
"C28","1","0","0"
"C29","2","0","0"
"C29","1","0","0"
"C30","2","0","0"
"C30","1","0","0"
"C31","2","0","0"
"C31","1","0","0"
"C32","2","0","0"
"C32","1","0","0"
"C33","2","0","0"
"C33","1","0","0"
"C34","2","0","0"
"C34","1","0","0"
"C35","2","0","0"
"C35","1","0","0"
"C36","2","0","0"
"C36","1","0","0"
"C37","2","0","0"
"C37","1","0","0"
"C38","2","0","0"
"C38","1","0","0"
"C39","2","0","0"
"C39","1","0","0"
"C40","2","0","0"
"C40","1","0","0"
"C41","2","0","0"
"C41","1","0","0"
"C42","2","0","0"
"C42","1","0","0"
"C43","2","0","0"
"C43","1","0","0"
"C44","2","0","0"
"C44","1","0","0"
"C45","2","0","0"
"C45","1","0","0"
"C46","2","0","0"
"C46","1","0","0"
"C47","2","0","0"
"C47","1","0","0"
"C48","2","0","0"
"C48","1","0","0"
"C49","2","0","0"
"C49","1","0","0"
"C50","2","0","0"
"C50","1","0","0"
"C51","2","0","0"
"C51","1","0","0"
"C52","2","0","0"
"C52","1","0","0"
"C53","2","0","0"
"C53","1","0","0"
"C54","2","0","0"
"C54","1","0","0"
"C56","2","0","0"
"C56","1","0","0"
"C57","2","0","0"
"C57","1","0","0"
"C58","2","0","0"
"C58","1","0","0"
"C59","2","0","0"
"C59","1","0","0"
"C60","2","0","0"
"C60","1","0","0"
"C61","2","0","0"
"C61","1","0","0"
"C62","2","0","0"
"C62","1","0","0"
"C63","2","0","0"
"C63","1","0","0"
"C64","2","0","0"
"C64","1","0","0"
"C65","2","0","0"
"C65","1","0","0"
"C66","2","0","0"
"C66","1","0","0"
"C67","2","0","0"
"C67","1","0","0"
"C68","2","0","0"
"C68","1","0","0"
"C69","2","0","0"
"C69","1","0","0"
"C70","2","0","0"
"C70","1","0","0"
"C71","2","0","0"
"C71","1","0","0"
"C72","2","0","0"
"C72","1","0","0"
"C73","2","0","0"
"C73","1","0","0"
"C74","2","0","0"
"C74","1","0","0"
"C77","2","0","0"
"C77","1","0","0"
"C78","2","0","0"
"C78","1","0","0"
"C79","2","0","0"
"C79","1","0","0"
"C75","2","0","0"
"C75","1","0","0"
"K1","1","0","0"
"K1","1","0","0"
"K1","1","0","0"
"K1","1","0","0"
"K1","1","0","0"
"K1","1","0","0"
"K1","1","0","0"
"K2","1","0","0"
"K2","1","0","0"
"K2","1","0","0"
"K2","1","0","0"
"K2","1","0","0"
"K2","1","0","0"
"K2","1","0","0"
"K3","1","0","0"
"K3","1","0","0"
"K3","1","0","0"
"K3","1","0","0"
"K3","1","0","0"
"K3","1","0","0"
"K3","1","0","0"
"K4","1","0","0"
"K4","1","0","0"
"K4","1","0","0"
"K4","1","0","0"
"K4","1","0","0"
"K4","1","0","0"
"K4","1","0","0"
"USB2","10","0","0"
"USB2","9","0","0"
"USB2","8","0","0"
"USB2","7","0","0"
"USB2","6","0","0"
"USB2","5","0","0"
"USB2","4","0","0"
"USB2","3","0","0"
"USB2","2","0","0"
"USB2","1","0","0"
"U3","1","0","0"
"U3","2","0","0"
"U3","3","0","0"
"U3","4","0","0"
"U3","5","0","0"
"U3","6","0","0"
"U3","7","0","0"
"U3","8","0","0"
"U3","9","0","0"
"U3","10","0","0"
"U3","11","0","0"
"U3","12","0","0"
"U3","13","0","0"
"U3","14","0","0"
"U3","15","0","0"
"U3","16","0","0"
"U3","17","0","0"
"U3","18","0","0"
"U3","19","0","0"
"U3","20","0","0"
"U3","21","0","0"
"U3","22","0","0"
"U3","23","0","0"
"U3","24","0","0"
"U3","25","0","0"
"U3","26","0","0"
"U3","27","0","0"
"U3","28","0","0"
"U3","29","0","0"
"U3","30","0","0"
"U3","31","0","0"
"U3","32","0","0"
"U3","33","0","0"
"U3","34","0","0"
"U3","35","0","0"
"U3","36","0","0"
"U3","37","0","0"
"U3","38","0","0"
"U3","39","0","0"
"U3","40","0","0"
"U3","41","0","0"
"U3","42","0","0"
"U3","43","0","0"
"U3","44","0","0"
"U3","45","0","0"
"U3","46","0","0"
"U3","47","0","0"
"U3","48","0","0"
"U3","49","0","0"
"U3","50","0","0"
"U3","51","0","0"
"U3","52","0","0"
"U3","53","0","0"
"U3","54","0","0"
"U3","55","0","0"
"U3","56","0","0"
"U3","57","0","0"
"U3","58","0","0"
"U3","59","0","0"
"U3","60","0","0"
"U3","61","0","0"
"U3","62","0","0"
"U3","63","0","0"
"U3","64","0","0"
"U3","65","0","0"
"U3","66","0","0"
"U3","67","0","0"
"U3","68","0","0"
"U3","69","0","0"
"C80","2","0","0"
"C80","1","0","0"
"C88","2","0","0"
"C88","1","0","0"
"C89","2","0","0"
"C89","1","0","0"
"C90","2","0","0"
"C90","1","0","0"
"C91","2","0","0"
"C91","1","0","0"
"C92","2","0","0"
"C92","1","0","0"
"C93","2","0","0"
"C93","1","0","0"
"C94","2","0","0"
"C94","1","0","0"
"C95","2","0","0"
"C95","1","0","0"
"C96","2","0","0"
"C96","1","0","0"
"C97","2","0","0"
"C97","1","0","0"
"C98","2","0","0"
"C98","1","0","0"
"C99","2","0","0"
"C99","1","0","0"
"C100","2","0","0"
"C100","1","0","0"
"C101","2","0","0"
"C101","1","0","0"
"C102","2","0","0"
"C102","1","0","0"
"C103","2","0","0"
"C103","1","0","0"
"C104","2","0","0"
"C104","1","0","0"
"C105","2","0","0"
"C105","1","0","0"
"C106","2","0","0"
"C106","1","0","0"
"C107","2","0","0"
"C107","1","0","0"
"C108","2","0","0"
"C108","1","0","0"
"C109","2","0","0"
"C109","1","0","0"
"C110","2","0","0"
"C110","1","0","0"
"C112","2","0","0"
"C112","1","0","0"
"C113","2","0","0"
"C113","1","0","0"
"C120","2","0","0"
"C120","1","0","0"
"C121","2","0","0"
"C121","1","0","0"
"C122","2","0","0"
"C122","1","0","0"
"C123","2","0","0"
"C123","1","0","0"
"C124","2","0","0"
"C124","1","0","0"
"C125","2","0","0"
"C125","1","0","0"
"C126","2","0","0"
"C126","1","0","0"
"C127","2","0","0"
"C127","1","0","0"
"C128","2","0","0"
"C128","1","0","0"
"R18","2","0","0"
"R18","1","0","0"
"SW1","4","0","0"
"SW1","3","0","0"
"SW1","2","0","0"
"SW1","1","0","0"
"C133","2","0","0"
"C133","1","0","0"
"C134","2","0","0"
"C134","1","0","0"
"C136","2","0","0"
"C136","1","0","0"
"C135","2","0","0"
"C135","1","0","0"
"C137","2","0","0"
"C137","1","0","0"
"C138","2","0","0"
"C138","1","0","0"
"C139","2","0","0"
"C139","1","0","0"
"C140","2","0","0"
"C140","1","0","0"
"C141","2","0","0"
"C141","1","0","0"
"C142","2","0","0"
"C142","1","0","0"
"C143","2","0","0"
"C143","1","0","0"
"C144","2","0","0"
"C144","1","0","0"
"C145","2","0","0"
"C145","1","0","0"
"C146","2","0","0"
"C146","1","0","0"
"C147","2","0","0"
"C147","1","0","0"
"C148","2","0","0"
"C148","1","0","0"
"C149","2","0","0"
"C149","1","0","0"
"C150","2","0","0"
"C150","1","0","0"
"C151","2","0","0"
"C151","1","0","0"
"L6","2","0","0"
"L6","1","0","0"
"L8","2","0","0"
"L8","1","0","0"
"L9","2","0","0"
"L9","1","0","0"
"L10","2","0","0"
"L10","1","0","0"
"L1","1","0","0"
"L1","2","0","0"
"L2","1","0","0"
"L2","2","0","0"
"L3","1","0","0"
"L3","2","0","0"
"L4","1","0","0"
"L4","2","0","0"
"C81","2","0","0"
"C81","1","0","0"
"C82","2","0","0"
"C82","1","0","0"
"C83","2","0","0"
"C83","1","0","0"
"C84","2","0","0"
"C84","1","0","0"
"C85","2","0","0"
"C85","1","0","0"
"C86","2","0","0"
"C86","1","0","0"
"C87","2","0","0"
"C87","1","0","0"
"C111","2","0","0"
"C111","1","0","0"
"C114","2","0","0"
"C114","1","0","0"
"C115","2","0","0"
"C115","1","0","0"
"C116","2","0","0"
"C116","1","0","0"
"C117","2","0","0"
"C117","1","0","0"
"C129","2","0","0"
"C129","1","0","0"
"C130","2","0","0"
"C130","1","0","0"
"C152","2","0","0"
"C152","1","0","0"
"C153","2","0","0"
"C153","1","0","0"
"C154","2","0","0"
"C154","1","0","0"
"C155","2","0","0"
"C155","1","0","0"
"C156","2","0","0"
"C156","1","0","0"
"C157","2","0","0"
"C157","1","0","0"
"C76","2","0","0"
"C76","1","0","0"
"C55","2","0","0"
"C55","1","0","0"
"MARK1","1","0","0"
"MARK2","1","0","0"
"MARK3","1","0","0"
"MARK4","1","0","0"
"MARK5","1","0","0"
"MARK6","1","0","0"
"MARK7","1","0","0"
"MARK8","1","0","0"
"MARK9","1","0","0"
"MARK10","1","0","0"
"MARK11","1","0","0"
"MARK12","1","0","0"
"MARK13","1","0","0"
"C118","2","0","0"
"C118","1","0","0"
"USB3","A1","0","0"
"USB3","A2","0","0"
"USB3","A3","0","0"
"USB3","A4","0","0"
"USB3","A5","0","0"
"USB3","A6","0","0"
"USB3","A7","0","0"
"USB3","A8","0","0"
"USB3","A9","0","0"
"USB3","A10","0","0"
"USB3","A11","0","0"
"USB3","A12","0","0"
"USB3","3","0","0"
"USB3","4","0","0"
"USB3","B1","0","0"
"USB3","B2","0","0"
"USB3","B3","0","0"
"USB3","B4","0","0"
"USB3","B5","0","0"
"USB3","B6","0","0"
"USB3","B7","0","0"
"USB3","B8","0","0"
"USB3","B9","0","0"
"USB3","B10","0","0"
"USB3","B11","0","0"
"USB3","B12","0","0"
"USB3","1","0","0"
"USB3","2","0","0"
"D5","1","0","0"
"D5","2","0","0"
"D5","3","0","0"
"D5","4","0","0"
"D5","5","0","0"
"D5","6","0","0"
"D5","7","0","0"
"D5","8","0","0"
"D5","9","0","0"
"D5","10","0","0"
"D6","1","0","0"
"D6","2","0","0"
"D6","3","0","0"
"D6","4","0","0"
"D6","5","0","0"
"D6","6","0","0"
"D6","7","0","0"
"D6","8","0","0"
"D6","9","0","0"
"D6","10","0","0"
"D7","1","0","0"
"D7","2","0","0"
"D7","3","0","0"
"D7","4","0","0"
"D7","5","0","0"
"D7","6","0","0"
"D7","7","0","0"
"D7","8","0","0"
"D7","9","0","0"
"D7","10","0","0"
"D8","1","0","0"
"D8","2","0","0"
"D8","3","0","0"
"D8","4","0","0"
"D8","5","0","0"
"D8","6","0","0"
"D8","7","0","0"
"D8","8","0","0"
"D8","9","0","0"
"D8","10","0","0"
"C119","2","0","0"
"C119","1","0","0"
"C131","2","0","0"
"C131","1","0","0"
"C132","2","0","0"
"C132","1","0","0"
"C158","2","0","0"
"C158","1","0","0"
"C159","2","0","0"
"C159","1","0","0"
"C160","2","0","0"
"C160","1","0","0"
"C161","2","0","0"
"C161","1","0","0"
"C162","2","0","0"
"C162","1","0","0"
"C163","2","0","0"
"C163","1","0","0"
"C164","2","0","0"
"C164","1","0","0"
"L5","2","0","0"
"L5","1","0","0"
"C165","2","0","0"
"C165","1","0","0"
"C166","2","0","0"
"C166","1","0","0"
"C167","2","0","0"
"C167","1","0","0"
"C168","2","0","0"
"C168","1","0","0"
"X2","1","0","0"
"X2","2","0","0"
"X2","3","0","0"
"X2","4","0","0"
"U2","1","0","0"
"U2","2","0","0"
"U2","3","0","0"
"U2","4","0","0"
"U2","5","0","0"
"U4","1","0","0"
"U4","2","0","0"
"U4","3","0","0"
"U4","4","0","0"
"U4","5","0","0"
"U9","A1","0","0"
"U9","A2","0","0"
"U9","A3","0","0"
"U9","B1","0","0"
"U9","B2","0","0"
"U9","B3","0","0"
"U9","C1","0","0"
"U9","C2","0","0"
"U9","C3","0","0"